{"cameraMode":{"drawMode":0,"name":"Shaded","section":"Shading Mode"},"sceneLighting":true,"audioPlay":false,"sceneViewState":{"m_AlwaysRefresh":false,"showFog":true,"showSkybox":true,"showFlares":true,"showImageEffects":true,"showParticleSystems":true,"showVisualEffectGraphs":true,"m_FxEnabled":true},"in2DMode":false,"pivot":{"x":-2.4921376705169679,"y":3.2855870723724367,"z":-6.7105913162231449},"rotation":{"x":-0.14454829692840577,"y":-0.3132295310497284,"z":0.04830114543437958,"w":-0.9373710751533508},"size":4.073509693145752,"orthographic":true}